{"loss": [1.631057620048523, 1.1613436937332153], "accuracy": [0.4574800133705139, 0.5995200276374817], "val_loss": [1.4350321292877197, 1.0147720575332642], "val_accuracy": [0.5072000026702881, 0.6507999897003174]}