{"loss": [1.6929011344909668, 1.2076119184494019, 1.0053552389144897, 0.8888034224510193, 0.8109762668609619, 0.7453699707984924, 0.6956871151924133, 0.651035726070404, 0.6064612865447998, 0.573657214641571, 0.5381585955619812, 0.5098171234130859, 0.47920459508895874, 0.4555339813232422, 0.4308179020881653, 0.4135991930961609, 0.39057937264442444, 0.3693336248397827, 0.3512023091316223, 0.3365035951137543, 0.32385241985321045, 0.30804190039634705, 0.29957082867622375, 0.30356675386428833, 0.273664265871048, 0.267732173204422, 0.2634551227092743, 0.24207082390785217, 0.23407062888145447, 0.2418965995311737, 0.22738347947597504, 0.21813882887363434, 0.21007029712200165, 0.20383745431900024, 0.20617353916168213, 0.19901143014431, 0.19218863546848297, 0.187447190284729, 0.2084602564573288, 0.18048283457756042, 0.17238014936447144, 0.16748681664466858, 0.16381867229938507, 0.15910571813583374, 0.1529756784439087, 0.1508909910917282, 0.14815206825733185, 0.14719295501708984, 0.14242345094680786, 0.14821283519268036, 0.14221429824829102, 0.1399083137512207, 0.13957864046096802, 0.13173994421958923, 0.12704920768737793, 0.12503525614738464, 0.12688817083835602, 0.12169938534498215], "accuracy": [0.43553999066352844, 0.5859799981117249, 0.6516600251197815, 0.6911600232124329, 0.7185199856758118, 0.7395200133323669, 0.7585200071334839, 0.7731800079345703, 0.7882800102233887, 0.7977399826049805, 0.8128799796104431, 0.8215799927711487, 0.8313000202178955, 0.8383200168609619, 0.8464800119400024, 0.8539800047874451, 0.8603399991989136, 0.869379997253418, 0.8743199706077576, 0.881060004234314, 0.885420024394989, 0.8908200263977051, 0.8916199803352356, 0.8924000263214111, 0.9019399881362915, 0.9038199782371521, 0.9067400097846985, 0.9113199710845947, 0.9168999791145325, 0.9136599898338318, 0.9183800220489502, 0.9222800135612488, 0.9255399703979492, 0.9282199740409851, 0.9259600043296814, 0.9282400012016296, 0.9314000010490417, 0.9338200092315674, 0.9257599711418152, 0.9353600144386292, 0.9396200180053711, 0.9402400255203247, 0.9422600269317627, 0.9437400102615356, 0.9449599981307983, 0.9473400115966797, 0.9475600123405457, 0.9472799897193909, 0.9482399821281433, 0.9487000107765198, 0.9496600031852722, 0.9502599835395813, 0.9503999948501587, 0.9533799886703491, 0.9548199772834778, 0.9561200141906738, 0.9555799961090088, 0.9561799764633179], "val_loss": [1.469357967376709, 0.9348932504653931, 0.8533198237419128, 0.812865674495697, 0.705954909324646, 0.7817765474319458, 0.6858824491500854, 0.6464077830314636, 0.6426538825035095, 0.6279312968254089, 0.6481359004974365, 0.6522778868675232, 0.5936766266822815, 0.6087323427200317, 0.6020962595939636, 0.5840249061584473, 0.7032282948493958, 0.5595518350601196, 0.6253365278244019, 0.5775657892227173, 0.6175838708877563, 0.5602385997772217, 0.6382655501365662, 0.5682510733604431, 0.657974362373352, 0.5777745842933655, 0.5866991877555847, 0.6233001351356506, 0.5916669368743896, 0.5910683274269104, 0.5841008424758911, 0.6143189668655396, 0.5966794490814209, 0.6188976764678955, 0.6070469617843628, 0.5926077961921692, 0.5949220657348633, 0.6724833250045776, 0.6268579959869385, 0.5947518348693848, 0.6091166138648987, 0.6390225291252136, 0.6191458702087402, 0.5946786403656006, 0.6189762353897095, 0.6401589512825012, 0.6079884767532349, 0.614346981048584, 0.6454432606697083, 0.7148886322975159, 0.6347957849502563, 0.6535467505455017, 0.6455495357513428, 0.6123696565628052, 0.6516128182411194, 0.6620092988014221, 0.6699835658073425, 0.6809086203575134], "val_accuracy": [0.4927000105381012, 0.6740000247955322, 0.7009999752044678, 0.717199981212616, 0.7545999884605408, 0.7329000234603882, 0.7644000053405762, 0.777400016784668, 0.7876999974250793, 0.7857000231742859, 0.7864000201225281, 0.7856000065803528, 0.8069000244140625, 0.7997000217437744, 0.8055999875068665, 0.8151000142097473, 0.7813000082969666, 0.8194000124931335, 0.8029999732971191, 0.8205999732017517, 0.8163999915122986, 0.8263999819755554, 0.8069000244140625, 0.824400007724762, 0.8087000250816345, 0.8253999948501587, 0.8181999921798706, 0.8173999786376953, 0.8256999850273132, 0.8246999979019165, 0.826200008392334, 0.8270000219345093, 0.8328999876976013, 0.8281999826431274, 0.8266000151634216, 0.8274000287055969, 0.8248000144958496, 0.8025000095367432, 0.8302000164985657, 0.832099974155426, 0.8320000171661377, 0.8287000060081482, 0.8270999789237976, 0.8346999883651733, 0.8320000171661377, 0.829800009727478, 0.8348000049591064, 0.8343999981880188, 0.8306000232696533, 0.8226000070571899, 0.8331000208854675, 0.8370000123977661, 0.8317000269889832, 0.8342000246047974, 0.8342000246047974, 0.8258000016212463, 0.824400007724762, 0.8271999955177307]}